number_lines_per_partition,max_rule_set_size,max_size_each_rule,rules_size_weight,rules_accuracy_weight,number_quantiles_ordinal,cv_mean_accuracy,cv_std_accuracy,cv_mean_time,cv_std_time,cv_mean_num_rules,cv_std_num_rules,cv_mean_larger_rule,cv_std_larger_rule,cv_mean_sum_literals,cv_std_sum_literals
8,1,1,2,1,20,0.6693877551020407,0.11472219855147098,0.14705629348754884,0.058378712099059024,1.0,0.0,1.0,0.0,1.0,0.0
8,2,2,10,10,5,0.7088435374149661,0.10673368117594446,0.06536979675292968,0.03331988427465703,1.5333333333333334,0.5163977794943222,1.6666666666666667,0.48795003647426666,2.4,1.1832159566199232
4,2,1,10,10,20,0.6408163265306122,0.010348827608920566,0.5245964209238688,0.08880467601931859,2.0,0.0,1.0,0.0,2.0,0.0
8,1,2,5,10,15,0.7578231292517008,0.09934235667505315,0.2739397525787354,0.11910558530899644,1.0,0.0,2.0,0.0,2.0,0.0
4,4,3,2,2,5,0.6462585034013605,0.06530004830838616,0.19188523292541504,0.049079127616883926,3.0,0.7559289460184544,2.1333333333333333,0.5163977794943223,5.933333333333334,2.016597794967223
32,2,1,2,10,15,0.6843537414965987,0.08048266762837919,0.38940773010253904,0.48720469263616545,1.7333333333333334,0.4577377082170635,1.0,0.0,1.7333333333333334,0.4577377082170635
8,1,2,10,5,20,0.7129251700680271,0.10129954269546525,0.2552809238433838,0.04519569384885156,1.0,0.0,1.0,0.0,1.0,0.0
4,4,3,10,10,10,0.6653061224489796,0.06536076431249149,0.5102194468180339,0.14386583757621324,3.0,1.0,2.533333333333333,0.5163977794943223,6.6,2.7979584393931636
4,2,4,5,1,5,0.7047619047619047,0.0644747863602386,0.2411091168721517,0.05523691176069656,1.4,0.5070925528371101,1.0,0.0,1.4,0.5070925528371101
32,4,2,10,1,20,0.6517006802721088,0.031300966451267974,0.43049500783284506,0.10843928283377544,1.8666666666666667,0.35186577527449836,1.0,0.0,1.8666666666666667,0.35186577527449836
8,4,2,5,10,20,0.7224489795918367,0.07470614374580867,0.5183019955952962,0.17164377334587963,1.5333333333333334,0.6399404734221844,2.0,0.0,3.066666666666667,1.2798809468443688
8,2,3,10,10,10,0.7482993197278912,0.08577904906747273,0.2886275927225749,0.11190296537514034,1.8666666666666667,0.3518657752744984,2.533333333333333,0.6399404734221844,4.266666666666667,1.3345232785352157
16,4,4,5,2,10,0.7333333333333333,0.09076690327018783,0.792207415898641,0.3043501520381833,1.5333333333333334,0.5163977794943222,1.2666666666666666,0.4577377082170635,1.8666666666666667,0.9904304018720249
4,2,4,5,5,15,0.6761904761904761,0.10487795372151025,0.7475886185963948,0.10458320846217672,1.8,0.41403933560541256,2.0,0.0,3.466666666666667,0.833809387832792
8,1,2,10,5,10,0.674829931972789,0.13168895369007996,0.12731539408365886,0.030526655095197565,1.0,0.0,1.0,0.0,1.0,0.0
4,4,2,5,10,20,0.6462585034013605,0.10453700949851115,0.9345284461975097,0.3756598929228866,1.8,0.7745966692414833,1.7333333333333334,0.4577377082170635,3.1333333333333333,1.7674302033770735
4,3,4,5,2,15,0.7061224489795919,0.0649040098395073,1.1985425313313802,0.14850062005863005,1.4,0.5070925528371101,1.0,0.0,1.4,0.5070925528371101
8,2,1,5,5,10,0.676190476190476,0.05918199789860279,0.09437044461568196,0.03132994210850739,1.7333333333333334,0.45773770821706344,1.0,0.0,1.7333333333333334,0.45773770821706344
4,2,3,2,2,15,0.6952380952380953,0.07089205698020695,0.6397387504577636,0.18398518833432664,1.4,0.5070925528371101,1.2,0.41403933560541256,1.6,0.828078671210825
8,2,2,5,2,20,0.6408163265306122,0.010348827608920566,0.5935046831766765,0.13615758428643845,2.0,0.0,1.0,0.0,2.0,0.0
32,4,2,10,5,20,0.8000000000000002,0.08491926173644747,0.3645844300587972,0.11838375839913813,1.6,0.6324555320336759,1.8,0.41403933560541256,2.6,1.1832159566199234
4,2,1,10,2,10,0.6408163265306122,0.010348827608920566,0.09189972877502442,0.005404526403377231,2.0,0.0,1.0,0.0,2.0,0.0
32,3,2,5,1,10,0.6816326530612246,0.06715672404590514,0.2158048947652181,0.05855751937994094,1.6666666666666667,0.48795003647426666,1.0,0.0,1.6666666666666667,0.48795003647426666
8,2,1,2,1,20,0.6693877551020407,0.062284315770153156,0.2891638914744059,0.06938967967848893,1.8,0.41403933560541256,1.0,0.0,1.8,0.41403933560541256
32,3,2,2,5,10,0.8272108843537415,0.049910174962074096,0.38779168128967284,0.19110692269271962,1.3333333333333333,0.48795003647426666,2.0,0.0,2.6666666666666665,0.9759000729485333
8,1,1,10,5,10,0.6680272108843537,0.10975685809231395,0.06587206522623698,0.039375710258143855,1.0,0.0,1.0,0.0,1.0,0.0
8,1,1,5,10,15,0.6979591836734694,0.09421917811845335,0.14410527547200522,0.048127310378584524,1.0,0.0,1.0,0.0,1.0,0.0
4,2,3,1,5,20,0.6312925170068028,0.07883948318075709,0.9136450449625652,0.09988619612276813,1.5333333333333334,0.5163977794943222,1.6666666666666667,0.7237468644557459,2.2,1.2071217242444348
4,2,1,5,2,5,0.6408163265306122,0.010348827608920566,0.029602813720703124,0.005284669631504525,2.0,0.0,1.0,0.0,2.0,0.0
32,4,4,5,5,20,0.8462585034013604,0.07899027608203024,0.6235177516937256,0.2617681817585031,1.2666666666666666,0.45773770821706344,3.066666666666667,0.5936168397046636,3.6,1.0555973258234952
8,2,2,5,5,10,0.6816326530612246,0.08512919842699677,0.17595934867858887,0.06131595637620442,1.6666666666666667,0.48795003647426666,1.6666666666666667,0.48795003647426666,2.7333333333333334,1.2798809468443688
4,2,1,1,5,20,0.6421768707482992,0.010538730193761633,0.5258139769236246,0.0206878481125383,1.9333333333333333,0.25819888974716115,1.0,0.0,1.9333333333333333,0.25819888974716115
8,2,2,1,5,20,0.6857142857142856,0.10738207364355232,0.3705918312072754,0.05199506913226388,1.4,0.5070925528371101,2.0,0.0,2.8,1.0141851056742202
4,3,4,1,5,20,0.6775510204081631,0.13974110989600155,1.1623130321502686,0.31753750626126276,1.6,0.8280786712108251,2.6666666666666665,1.1126972805283735,4.066666666666666,3.011090610836324
32,4,4,2,5,5,0.817687074829932,0.1030465499660594,0.5329824129740397,0.3655214188468647,1.6666666666666667,0.9759000729485332,3.2666666666666666,0.5936168397046636,5.266666666666667,3.3266599866332407
4,3,2,2,1,5,0.6408163265306122,0.010348827608920566,0.10159274737040201,0.02102786764491374,2.0,0.0,1.0,0.0,2.0,0.0
32,4,3,10,2,10,0.6775510204081633,0.06689040419685124,0.33298397064208984,0.06972082340290299,1.7333333333333334,0.4577377082170635,1.0,0.0,1.7333333333333334,0.4577377082170635
4,2,2,1,5,5,0.6693877551020406,0.10693788529217965,0.12282061576843262,0.030296983128750867,1.9333333333333333,0.25819888974716115,1.9333333333333333,0.25819888974716115,3.466666666666667,0.833809387832792
8,2,3,1,5,5,0.6897959183673468,0.07035849856092528,0.10015157063802084,0.04166652796976926,1.2666666666666666,0.4577377082170635,2.8,0.560611910581388,3.4,1.1832159566199232
32,2,1,10,1,5,0.6693877551020407,0.056787734503393986,0.010839112599690755,0.003124493530203136,1.7333333333333334,0.4577377082170635,1.0,0.0,1.7333333333333334,0.4577377082170635
16,1,3,2,5,10,0.7891156462585033,0.08402707996585922,0.16924935976664227,0.05447610352380348,1.0,0.0,2.8,0.4140393356054125,2.8,0.4140393356054125
16,2,3,2,2,10,0.8095238095238098,0.06106230543208944,0.1831412633260091,0.06608727291859899,1.6666666666666667,0.48795003647426666,2.6,0.5070925528371101,3.8666666666666667,0.9904304018720249
32,3,4,2,1,20,0.8054421768707483,0.07352875260596076,0.7566814581553142,0.18507979552265363,1.6666666666666667,0.6172133998483676,1.8666666666666667,0.3518657752744984,2.933333333333333,1.3345232785352157
16,2,4,2,2,15,0.7904761904761904,0.07576062276723505,0.4593097050984701,0.13994024239374986,1.6666666666666667,0.48795003647426666,2.7333333333333334,0.45773770821706344,4.133333333333334,1.3020130933435712
32,1,3,10,5,20,0.8163265306122448,0.046281364041946195,0.3414248625437419,0.09793140273812984,1.0,0.0,1.6,0.5070925528371101,1.6,0.5070925528371101
32,4,3,10,10,15,0.8571428571428572,0.04563404035713855,0.381653356552124,0.14606561263901688,1.5333333333333334,0.7432233529572065,2.8,0.4140393356054125,3.8666666666666667,1.8073922282301278
8,1,1,10,2,15,0.7074829931972789,0.12876487521906227,0.05771663983662923,0.02415284252213065,1.0,0.0,1.0,0.0,1.0,0.0
8,1,1,5,5,10,0.7170068027210884,0.08824079663305702,0.06287805239359538,0.018521286548248337,1.0,0.0,1.0,0.0,1.0,0.0
4,3,4,5,10,5,0.6353741496598639,0.13621953052561322,0.22200911839803059,0.06903834517929898,1.9333333333333333,0.8837151016885368,2.4,1.2421180068162376,4.2,2.980891525318271
16,1,1,2,5,20,0.7714285714285715,0.08801574960346051,0.17323530515034993,0.07563581016505716,1.0,0.0,1.0,0.0,1.0,0.0
16,2,1,2,10,15,0.6408163265306122,0.010348827608920566,0.12432371775309245,0.02864862048922065,2.0,0.0,1.0,0.0,2.0,0.0
4,3,2,5,10,15,0.6925170068027211,0.09239115661463834,0.6005595684051513,0.20256601036234073,1.8666666666666667,0.9154754164341269,1.9333333333333333,0.2581988897471611,3.533333333333333,1.8073922282301278
32,2,4,5,2,15,0.8244897959183675,0.039180028985031694,0.7070528507232666,0.22097868841605176,1.2666666666666666,0.45773770821706344,1.6,0.5070925528371101,2.0,1.0690449676496976
8,3,4,5,5,20,0.7768707482993197,0.08252668835516708,0.8548111120859782,0.24353450541124735,1.5333333333333334,0.5163977794943222,2.0,0.6546536707079771,2.8,1.2649110640673518
8,3,3,1,5,10,0.742857142857143,0.08264676216863913,0.4256834348042806,0.15148836684924835,1.7333333333333334,0.7988086367179803,2.8666666666666667,0.5163977794943223,4.533333333333333,2.1668498091095505
32,3,3,2,10,15,0.8612244897959184,0.060343515955663014,0.5064217408498128,0.4581772626236227,1.2666666666666666,0.5936168397046636,2.933333333333333,0.2581988897471611,3.7333333333333334,1.8309508328682536
16,1,4,5,2,20,0.7619047619047618,0.08077783732678857,0.6239959398905436,0.15033598947031193,1.0,0.0,1.0666666666666667,0.25819888974716115,1.0666666666666667,0.25819888974716115
8,1,4,10,10,20,0.7346938775510204,0.11949796811614691,0.4368033727010091,0.07175813973814607,1.0,0.0,1.6666666666666667,0.7237468644557459,1.6666666666666667,0.7237468644557459
16,2,1,5,2,5,0.6775510204081633,0.06689040419685124,0.038146591186523436,0.04131650146869785,1.7333333333333334,0.4577377082170635,1.0,0.0,1.7333333333333334,0.4577377082170635
8,2,2,10,1,10,0.6448979591836734,0.021542802567826418,0.2048455556233724,0.06647810703568283,1.9333333333333333,0.25819888974716115,1.0,0.0,1.9333333333333333,0.25819888974716115
4,2,2,10,2,20,0.6625850340136054,0.043543488400481424,0.7581195990244548,0.2097730291101465,1.7333333333333334,0.45773770821706344,1.0,0.0,1.7333333333333334,0.45773770821706344
8,2,2,10,2,10,0.6448979591836734,0.021542802567826418,0.22583797772725422,0.07074046686234137,1.9333333333333333,0.25819888974716115,1.0,0.0,1.9333333333333333,0.25819888974716115
8,2,3,2,5,20,0.7074829931972789,0.12830196823762402,0.6547408739725749,0.12282155055020746,1.4,0.5070925528371101,2.8,0.560611910581388,3.7333333333333334,1.4864467059144129
4,1,2,5,2,15,0.6272108843537416,0.13326092319900612,0.2295095125834147,0.0486125603856285,1.0,0.0,1.0,0.0,1.0,0.0
16,2,1,2,5,15,0.6408163265306122,0.010348827608920566,0.13161223729451496,0.04571919938977568,2.0,0.0,1.0,0.0,2.0,0.0
8,4,3,2,2,10,0.7646258503401362,0.0649345600929475,0.35712523460388185,0.11259923025770432,2.466666666666667,0.915475416434127,2.533333333333333,0.6399404734221844,5.733333333333333,2.840187787218772
32,1,2,2,2,10,0.8571428571428572,0.04563404035713857,0.1332897981007894,0.06035123376774623,1.0,0.0,2.0,0.0,2.0,0.0
32,1,2,1,2,20,0.8217687074829932,0.053700270812182684,0.47418487866719566,0.3123072043908371,1.0,0.0,2.0,0.0,2.0,0.0
8,1,4,2,5,15,0.7673469387755102,0.09781330245526287,0.29883066813151044,0.07337716381010852,1.0,0.0,3.1333333333333333,0.8338093878327919,3.1333333333333333,0.8338093878327919
32,3,4,1,1,5,0.8285714285714284,0.08045802127421733,0.13359217643737792,0.07323632528657519,1.7333333333333334,0.7988086367179803,2.6666666666666665,0.6172133998483678,4.4,2.1974010622941433
4,2,4,1,2,10,0.6476190476190475,0.11936511874976581,0.5095203876495361,0.1363209431707975,1.5333333333333334,0.5163977794943222,2.4,0.9102589898327995,3.2,1.61245154965971
16,1,1,10,5,20,0.7931972789115648,0.05392141219041132,0.1501622994740804,0.05310034643907632,1.0,0.0,1.0,0.0,1.0,0.0
8,4,3,5,1,15,0.6408163265306122,0.010348827608920566,0.7162172635396321,0.1299773228828998,2.0,0.0,1.0,0.0,2.0,0.0
8,1,4,5,5,20,0.7346938775510204,0.11949796811614691,0.43061081568400067,0.06951667727738557,1.0,0.0,1.6666666666666667,0.7237468644557459,1.6666666666666667,0.7237468644557459
8,1,1,10,1,20,0.6612244897959182,0.12166904184972532,0.09493613243103027,0.005354488388050899,1.0,0.0,1.0,0.0,1.0,0.0
8,1,2,10,2,20,0.7142857142857142,0.07866319278852503,0.23203895886739095,0.06464278813675206,1.0,0.0,1.0,0.0,1.0,0.0
32,4,3,1,5,20,0.8476190476190476,0.04554703543460824,0.6286936283111573,0.3166574819188793,1.5333333333333334,0.6399404734221844,2.933333333333333,0.2581988897471611,4.333333333333333,1.877181270897812
32,4,2,5,2,20,0.8013605442176871,0.04784066160328234,0.4460304260253906,0.1684305530702533,1.3333333333333333,0.48795003647426666,1.4666666666666666,0.5163977794943222,1.8666666666666667,1.0600988273786194
8,3,3,10,5,20,0.6476190476190475,0.026120019323354456,1.0276263078053793,0.19531787017323968,1.9333333333333333,0.25819888974716115,1.0,0.0,1.9333333333333333,0.25819888974716115
4,4,4,10,2,10,0.6408163265306122,0.010348827608920566,0.678757905960083,0.09650454324910263,2.0,0.0,1.0,0.0,2.0,0.0
8,4,2,2,5,5,0.7374149659863944,0.09722350899803034,0.08206149737040201,0.029560456071176227,1.7333333333333334,0.7037315505489968,2.0,0.0,3.4,1.4040757000349275
32,2,4,1,1,10,0.8625850340136054,0.05143659215225057,0.28190600077311195,0.10675574902940606,1.4,0.5070925528371101,3.2,0.7745966692414833,4.066666666666666,1.3870146083619754
32,1,2,5,2,10,0.8149659863945578,0.05258061476218552,0.20506251653035482,0.09486498293558905,1.0,0.0,1.3333333333333333,0.48795003647426666,1.3333333333333333,0.48795003647426666
32,3,3,5,2,20,0.802721088435374,0.05155213687026178,0.7528348286946615,0.152507160512696,1.2666666666666666,0.4577377082170635,1.5333333333333334,0.5163977794943222,1.8,0.8618916073713347
4,1,1,5,2,15,0.7292517006802721,0.10129954269546525,0.08876201311747232,0.007277358986237108,1.0,0.0,1.0,0.0,1.0,0.0
32,3,2,1,1,5,0.8258503401360542,0.054470337899396544,0.05729824701944987,0.0287446893529691,1.4666666666666666,0.7432233529572065,2.0,0.0,2.933333333333333,1.486446705914413
16,4,2,1,10,20,0.7727891156462585,0.05280644521340025,0.3564206600189209,0.11600104764598121,1.4,0.5070925528371101,2.0,0.0,2.6666666666666665,0.8997354108424374
32,1,3,10,5,5,0.8299319727891155,0.06665278211654907,0.08417572975158691,0.045905015051581,1.0,0.0,1.5333333333333334,0.5163977794943222,1.5333333333333334,0.5163977794943222
8,2,2,10,2,5,0.6408163265306122,0.010348827608920566,0.08458526929219563,0.024614443004795473,2.0,0.0,1.0,0.0,2.0,0.0
16,2,3,1,5,5,0.7918367346938775,0.0900209213897317,0.08654883702596029,0.030722803478300982,1.4,0.5070925528371101,2.933333333333333,0.2581988897471611,3.8666666666666667,1.3020130933435712
16,1,3,5,10,5,0.7646258503401361,0.0925198650447411,0.04878145853678385,0.013609804766867972,1.0,0.0,2.6666666666666665,0.4879500364742666,2.6666666666666665,0.4879500364742666
8,1,2,5,1,10,0.6897959183673469,0.09578490808393475,0.09548025131225586,0.03178575798841982,1.0,0.0,1.0,0.0,1.0,0.0
32,1,1,1,10,20,0.8258503401360543,0.048703465258772415,0.8985711574554444,1.0880176850288312,1.0,0.0,1.0,0.0,1.0,0.0
8,1,4,10,5,10,0.6326530612244897,0.16417385685482316,0.37263267834981284,0.2559368674493837,1.0,0.0,1.0,0.0,1.0,0.0
8,4,4,5,1,5,0.6462585034013605,0.022708107765885156,0.2641481081644694,0.0658050638994633,1.8666666666666667,0.35186577527449836,1.0,0.0,1.8666666666666667,0.35186577527449836
4,3,4,10,10,15,0.6870748299319728,0.09050431765748347,0.9232450008392334,0.2664003971847285,2.066666666666667,0.7037315505489967,2.0,0.0,4.0,1.4638501094227998
16,1,2,2,2,10,0.7999999999999997,0.08097401937001204,0.07926287651062011,0.031405164860708705,1.0,0.0,1.8666666666666667,0.35186577527449836,1.8666666666666667,0.35186577527449836
8,1,4,1,2,5,0.7551020408163266,0.10434711468322612,0.06759576797485352,0.023850068698458616,1.0,0.0,2.466666666666667,0.5163977794943223,2.466666666666667,0.5163977794943223
16,3,2,10,10,10,0.7891156462585033,0.0742534557624609,0.15022562344868978,0.0724162041514344,1.7333333333333334,0.7037315505489968,1.9333333333333333,0.25819888974716115,3.3333333333333335,1.4960264830861913
4,2,2,2,5,20,0.6612244897959184,0.09781330245526287,0.8316932837168376,0.3290757603209026,1.5333333333333334,0.5163977794943222,1.8666666666666667,0.3518657752744984,2.7333333333333334,1.0997835284835875
16,4,3,1,5,10,0.8353741496598638,0.0729601181071954,0.25685173670450845,0.08930807577429037,1.5333333333333334,0.7432233529572065,3.0,0.0,4.6,2.2296700588716196
4,3,3,10,5,15,0.6870748299319728,0.06530004830838616,0.9034970760345459,0.12584736647275463,1.6666666666666667,0.48795003647426666,1.0,0.0,1.6666666666666667,0.48795003647426666
4,4,3,2,5,10,0.669387755102041,0.048294528841629526,0.5496521472930909,0.18283725858665006,2.0,1.0,2.0,0.9258200997725514,3.8,3.0284366546831674
8,4,4,2,10,10,0.7959183673469388,0.08828573719957272,0.31725872357686363,0.08292430202526589,1.5333333333333334,0.6399404734221844,3.4,0.5070925528371101,4.8,2.042407542932745
8,2,1,1,10,10,0.6503401360544216,0.036070004150552504,0.10185440381368001,0.02699573261167967,1.9333333333333333,0.25819888974716115,1.0,0.0,1.9333333333333333,0.25819888974716115
16,2,3,2,5,10,0.7863945578231292,0.08688177091526006,0.2540213743845622,0.12525032937863723,1.2666666666666666,0.4577377082170635,2.8,0.4140393356054125,3.533333333333333,1.3557637102737476
8,4,4,2,2,15,0.7605442176870748,0.12060483682455149,0.5895430246988932,0.2197130251213321,1.7333333333333334,0.8837151016885368,2.466666666666667,0.7432233529572067,4.133333333333334,2.9244454093692624
4,2,3,5,10,15,0.6897959183673469,0.10151467856278519,0.653313414255778,0.19248551490596408,1.5333333333333334,0.5163977794943222,2.533333333333333,0.833809387832792,3.533333333333333,1.7265434778633235
4,3,3,5,2,20,0.6408163265306122,0.010348827608920566,0.92316788037618,0.3395950551966509,2.0,0.0,1.0,0.0,2.0,0.0
16,1,4,1,1,15,0.8136054421768706,0.0697924515645696,0.29544339179992674,0.13889684802673719,1.0,0.0,2.7333333333333334,0.45773770821706344,2.7333333333333334,0.45773770821706344
4,3,3,10,2,10,0.6408163265306122,0.010348827608920566,0.5544278462727864,0.12565717989738917,2.0,0.0,1.0,0.0,2.0,0.0
16,2,3,10,2,20,0.6598639455782312,0.0532552332704383,0.9154659271240234,0.12191344055426234,1.8666666666666667,0.35186577527449836,1.0,0.0,1.8666666666666667,0.35186577527449836
4,3,3,1,1,15,0.6952380952380953,0.07089205698020695,0.7008802890777588,0.18078411329968122,1.4,0.5070925528371101,1.2,0.41403933560541256,1.6,0.828078671210825
16,4,3,5,1,5,0.6680272108843538,0.05425143411531125,0.19580440521240233,0.053814806931950725,1.7333333333333334,0.4577377082170635,1.0,0.0,1.7333333333333334,0.4577377082170635
16,4,4,10,1,20,0.6408163265306122,0.010348827608920566,1.2191320578257243,0.2105742504555273,2.0,0.0,1.0,0.0,2.0,0.0
8,1,1,5,1,15,0.7074829931972789,0.12876487521906227,0.05388100941975912,0.003655603770612089,1.0,0.0,1.0,0.0,1.0,0.0
8,3,3,2,2,5,0.7591836734693878,0.1298080196790146,0.105813995997111,0.0385304292873449,2.2,0.6761234037828132,2.2666666666666666,0.5936168397046637,4.666666666666667,2.225394561056747
32,3,4,1,1,10,0.8625850340136054,0.05143659215225057,0.25841679573059084,0.09418640441764188,1.4666666666666666,0.6399404734221844,3.2,0.7745966692414833,4.266666666666667,1.9444671200491874
32,2,2,10,10,10,0.8421768707482992,0.044623242949261094,0.1490439732869466,0.061827346267438084,1.4666666666666666,0.5163977794943222,2.0,0.0,2.933333333333333,1.0327955589886444
4,1,3,2,5,20,0.6299319727891156,0.08515249277643454,0.6286093870798747,0.1017552441772537,1.0,0.0,1.0,0.0,1.0,0.0
8,3,2,5,1,15,0.6408163265306122,0.010348827608920566,0.5698539098103841,0.20196780170067205,2.0,0.0,1.0,0.0,2.0,0.0
4,2,2,5,5,5,0.6680272108843538,0.07921592722726332,0.10024110476175944,0.05009217722638646,1.7333333333333334,0.45773770821706344,1.2666666666666666,0.45773770821706344,2.0,0.7559289460184544
32,1,4,2,5,15,0.8394557823129251,0.09599174250332834,0.7741861184438069,0.7748665096900262,1.0,0.0,3.933333333333333,0.2581988897471611,3.933333333333333,0.2581988897471611
8,1,1,2,5,10,0.6789115646258502,0.08360114440406581,0.07384273211161295,0.024373532019694624,1.0,0.0,1.0,0.0,1.0,0.0
8,4,2,10,2,15,0.6408163265306122,0.010348827608920566,0.5672448476155599,0.1627105072437035,2.0,0.0,1.0,0.0,2.0,0.0
32,1,3,2,2,10,0.8489795918367345,0.059148476515058945,0.15984937349955242,0.058272611636319215,1.0,0.0,2.8,0.4140393356054125,2.8,0.4140393356054125
16,4,3,10,10,10,0.8095238095238098,0.06530004830838618,0.23318936030069987,0.09840388864457573,1.9333333333333333,0.7988086367179803,2.6,0.5070925528371101,4.466666666666667,1.6417180315870614
4,3,3,2,1,20,0.6408163265306122,0.010348827608920566,0.884497324625651,0.39435352322197825,2.0,0.0,1.0,0.0,2.0,0.0
32,1,4,5,1,15,0.7619047619047618,0.09499483022972069,0.36514190038045247,0.11473098570192088,1.0,0.0,1.0,0.0,1.0,0.0
16,2,3,10,2,15,0.6408163265306122,0.010348827608920566,0.7031234264373779,0.17953968071424622,2.0,0.0,1.0,0.0,2.0,0.0
16,4,4,5,5,10,0.7986394557823128,0.07189215107870808,0.3149863719940186,0.07899776532564412,1.8,0.6761234037828133,2.533333333333333,0.7432233529572067,4.133333333333334,1.8464895909600492
32,2,1,5,1,10,0.689795918367347,0.07446682820162082,0.04320723215738932,0.03312245684198866,1.6666666666666667,0.48795003647426666,1.0,0.0,1.6666666666666667,0.48795003647426666
16,2,1,10,5,20,0.7074829931972789,0.08402707996585924,0.23271414438883464,0.07485183792797179,1.6,0.5070925528371101,1.0,0.0,1.6,0.5070925528371101
8,3,3,5,2,20,0.6476190476190475,0.026120019323354456,0.9209555625915528,0.28263057933814734,1.9333333333333333,0.25819888974716115,1.0,0.0,1.9333333333333333,0.25819888974716115
16,4,2,5,10,15,0.7972789115646257,0.06745140174047771,0.33160715103149413,0.10870443416747934,1.3333333333333333,0.48795003647426666,2.0,0.0,2.6666666666666665,0.9759000729485333
32,1,4,1,1,20,0.8476190476190475,0.08011217616763357,0.4950685501098633,0.21506236848507285,1.0,0.0,3.066666666666667,0.5936168397046636,3.066666666666667,0.5936168397046636
4,2,2,2,2,15,0.6408163265306122,0.061127230815057144,0.43668373425801593,0.09846502231161189,1.8666666666666667,0.35186577527449836,1.2666666666666666,0.4577377082170635,2.1333333333333333,0.6399404734221844
8,3,3,5,10,20,0.7401360544217688,0.10645458975122661,0.5633985519409179,0.25077083140582296,1.8,0.8618916073713346,2.8,0.4140393356054125,5.0,2.53546276418555
4,2,1,10,10,5,0.6789115646258504,0.0661150099595903,0.041646321614583336,0.005724166346425446,1.7333333333333334,0.4577377082170635,1.0,0.0,1.7333333333333334,0.4577377082170635
32,1,2,5,10,5,0.7959183673469388,0.10771401283913216,0.09242300987243653,0.05844971576019022,1.0,0.0,2.0,0.0,2.0,0.0
4,1,4,2,1,10,0.6244897959183674,0.11146028446932238,0.3096273899078369,0.044576251754242686,1.0,0.0,1.0,0.0,1.0,0.0
4,2,2,5,5,15,0.6408163265306122,0.061127230815057144,0.4111216862996419,0.06378397238151315,1.8666666666666667,0.35186577527449836,1.2666666666666666,0.4577377082170635,2.1333333333333333,0.6399404734221844
4,3,4,1,10,20,0.6911564625850339,0.13902966494269867,0.7047403971354167,0.29862139139976046,1.5333333333333334,0.7432233529572065,2.6,1.0555973258234952,3.8,2.808151400069855
8,3,3,5,10,10,0.7428571428571428,0.10400443029407407,0.3867501258850098,0.10185547139266125,2.0,0.9258200997725514,2.933333333333333,0.2581988897471611,5.466666666666667,2.3864697976798483
4,4,3,1,5,5,0.6435374149659865,0.07105971678941163,0.2221362590789795,0.07130400376854228,2.8,0.7745966692414835,2.8,0.560611910581388,6.2,2.3964259101539405
16,2,3,5,5,20,0.7999999999999999,0.0637011227982266,0.3611533006032308,0.08944177020933376,1.6,0.5070925528371101,2.6,0.5070925528371101,3.8,1.3732131246511905
4,1,3,1,10,15,0.6462585034013606,0.08331597764568634,0.4522562821706136,0.07251314774129877,1.0,0.0,1.0,0.0,1.0,0.0
32,1,1,10,5,10,0.8054421768707483,0.06260193290253596,0.05086429913838705,0.032368409023346784,1.0,0.0,1.0,0.0,1.0,0.0
32,2,4,10,10,5,0.8312925170068025,0.07731538032722911,0.13016417821248372,0.06297690179400953,1.5333333333333334,0.5163977794943222,2.6666666666666665,0.6172133998483678,3.8666666666666667,1.4573295865416045
16,1,3,2,10,15,0.8258503401360545,0.05765424373341159,0.17923943201700845,0.03781698747507497,1.0,0.0,2.933333333333333,0.2581988897471611,2.933333333333333,0.2581988897471611
16,1,4,10,1,10,0.7170068027210884,0.07936600489996684,0.39258251190185545,0.18604090259788014,1.0,0.0,1.0,0.0,1.0,0.0
8,1,1,5,1,10,0.6598639455782311,0.1254886721359896,0.025798972447713217,0.0031331155213065666,1.0,0.0,1.0,0.0,1.0,0.0
32,1,1,5,1,5,0.7251700680272108,0.07708416584606964,0.02029900550842285,0.0173341622464396,1.0,0.0,1.0,0.0,1.0,0.0
8,4,3,2,10,20,0.6829931972789115,0.13621953052561322,0.44154531160990396,0.15402110850915057,1.3333333333333333,0.6172133998483675,2.8,0.560611910581388,3.8,2.042407542932745
32,3,4,10,2,5,0.6693877551020407,0.056787734503393986,0.24599952697753907,0.04923812163648833,1.7333333333333334,0.4577377082170635,1.0,0.0,1.7333333333333334,0.4577377082170635
16,2,2,2,1,5,0.7727891156462585,0.07021741460392138,0.06400446891784668,0.031119845251844556,1.3333333333333333,0.48795003647426666,1.3333333333333333,0.48795003647426666,1.6666666666666667,0.9759000729485332
16,2,4,2,1,15,0.7687074829931972,0.08040870590257572,0.595678440729777,0.18225051833570857,1.4,0.5070925528371101,1.4,0.5070925528371101,1.8,1.01418510567422
32,1,2,5,2,15,0.8108843537414965,0.05587231119585579,0.3251596450805664,0.15325264212036183,1.0,0.0,1.3333333333333333,0.48795003647426666,1.3333333333333333,0.48795003647426666
4,4,3,2,10,5,0.6435374149659865,0.07105971678941163,0.22863095601399738,0.08846657301598365,2.8,0.7745966692414835,2.8,0.560611910581388,6.2,2.3964259101539405
4,3,4,2,10,5,0.6517006802721088,0.1228047956305961,0.21365728378295898,0.04072066327612261,1.8666666666666667,0.8338093878327919,2.8,1.1464230084422218,5.0,3.2293298729878046
8,2,3,1,2,5,0.71156462585034,0.1248231131774422,0.09813516934712728,0.028828069159872863,1.6,0.5070925528371101,2.6,0.5070925528371101,3.8,1.5212776585113297
32,2,4,5,2,10,0.7959183673469388,0.05116597310432723,0.4850551287333171,0.2039131687261871,1.2666666666666666,0.45773770821706344,1.4,0.5070925528371101,1.7333333333333334,1.0327955589886446
4,4,3,10,2,10,0.6408163265306122,0.010348827608920566,0.4457044283548991,0.18650977029910212,2.0,0.0,1.0,0.0,2.0,0.0
8,2,1,2,1,15,0.6571428571428571,0.06180482968741156,0.16464123725891114,0.054830049644128624,1.9333333333333333,0.25819888974716115,1.0,0.0,1.9333333333333333,0.25819888974716115
4,4,4,10,10,10,0.6571428571428571,0.033799129437176535,0.3842357953389486,0.13545557659523444,1.7333333333333334,0.7037315505489968,1.2666666666666666,0.4577377082170635,2.1333333333333333,1.3557637102737474
16,3,3,5,10,10,0.8476190476190475,0.04991017496207408,0.2259555180867513,0.09558119210195146,1.6666666666666667,0.7237468644557459,2.933333333333333,0.2581988897471611,4.6,1.9198214202665531
8,2,2,2,1,15,0.6408163265306122,0.010348827608920566,0.46629506746927896,0.15923908544232152,2.0,0.0,1.0,0.0,2.0,0.0
8,3,3,5,1,5,0.6503401360544216,0.0414431939802456,0.18647019068400064,0.06286514570558938,1.9333333333333333,0.25819888974716115,1.0,0.0,1.9333333333333333,0.25819888974716115
4,1,2,10,10,20,0.6326530612244898,0.1313572049687325,0.3926965872446696,0.16472638560989564,1.0,0.0,1.0,0.0,1.0,0.0
32,1,3,2,1,5,0.8299319727891155,0.06665278211654907,0.08114660580952962,0.04643034123233425,1.0,0.0,1.5333333333333334,0.5163977794943222,1.5333333333333334,0.5163977794943222
4,1,1,2,2,10,0.6829931972789116,0.11174462239171161,0.08082369168599447,0.02876284807301466,1.0,0.0,1.0,0.0,1.0,0.0
32,3,2,2,10,15,0.8068027210884353,0.10628678313008745,0.5842242081960042,0.3094175616399601,1.2666666666666666,0.45773770821706344,2.0,0.0,2.533333333333333,0.9154754164341269
32,2,4,2,1,15,0.8244897959183672,0.061127230815057165,0.5002539157867432,0.17586751343455567,1.4,0.5070925528371101,1.9333333333333333,0.45773770821706344,2.6666666666666665,1.2344267996967353
16,2,3,2,2,15,0.819047619047619,0.0560848889244958,0.2135137875874837,0.04975377519575856,1.5333333333333334,0.5163977794943222,2.533333333333333,0.5163977794943223,3.7333333333333334,1.533747356112131
4,2,2,2,5,15,0.6802721088435374,0.10135826139966898,0.3663280169169108,0.11556012927546117,1.8,0.41403933560541256,1.9333333333333333,0.25819888974716115,3.466666666666667,0.9154754164341269
32,3,2,5,1,15,0.6639455782312925,0.05224003864670893,0.3898036003112793,0.11735223224257092,1.8,0.41403933560541256,1.0,0.0,1.8,0.41403933560541256
4,2,4,5,2,20,0.6680272108843537,0.050266539324928326,0.7107654730478923,0.22709407291361267,1.7333333333333334,0.4577377082170635,1.0,0.0,1.7333333333333334,0.4577377082170635
4,2,3,1,10,15,0.6517006802721088,0.08977824722315,0.4011829853057861,0.1414550894190849,1.4,0.5070925528371101,1.8,1.01418510567422,2.2,1.52127765851133
