number_lines_per_partition,max_rule_set_size,max_size_each_rule,rules_size_weight,rules_accuracy_weight,number_quantiles_ordinal,cv_mean_accuracy,cv_std_accuracy,cv_mean_time,cv_mean_num_rules,cv_std_num_rules,cv_mean_larger_rule,cv_std_larger_rule,cv_mean_sum_literals,cv_std_sum_literals
8,1,1,2,1,20,0.7602292768959436,0.07434095553639793,0.012589724858601888,1.0,0.0,1.0,0.0,1.0,0.0
8,2,2,10,10,5,0.7895061728395061,0.07476072433756119,0.006736071904500326,1.9333333333333333,0.2581988897471611,1.0,0.0,1.9333333333333333,0.2581988897471611
8,4,1,5,2,10,0.7648148148148148,0.04297618844056204,0.008364041646321615,1.8666666666666667,0.5163977794943223,1.0,0.0,1.8666666666666667,0.5163977794943223
8,1,2,5,10,15,0.6768959435626102,0.12448374745496356,0.026649681727091472,1.0,0.0,1.6,0.50709255283711,1.6,0.50709255283711
32,2,1,2,10,15,0.7992063492063493,0.07365650037404096,0.02090617815653483,1.6,0.5070925528371101,1.0,0.0,1.6,0.5070925528371101
8,1,2,10,5,20,0.7254850088183422,0.12943170857265257,0.04253904024759928,1.0,0.0,1.0,0.0,1.0,0.0
32,4,2,10,1,20,0.7993827160493828,0.06683058429485104,0.051604239145914714,2.1333333333333333,0.7432233529572065,1.0,0.0,2.1333333333333333,0.7432233529572065
8,4,2,5,10,20,0.7622574955908289,0.09016700178049156,0.07977325121561686,2.2666666666666666,1.0997835284835875,1.6666666666666667,0.48795003647426666,3.066666666666667,1.533747356112131
8,2,3,10,10,10,0.7721340388007055,0.10803551449526641,0.02564239501953125,1.8,0.41403933560541256,1.0666666666666667,0.25819888974716115,1.8666666666666667,0.5163977794943223
16,4,4,5,2,10,0.7936507936507938,0.06920512699413801,0.0522281010945638,2.0,0.6546536707079771,1.0,0.0,2.0,0.6546536707079771
8,1,2,10,5,10,0.7057319223985892,0.1563717355156265,0.015301958719889323,1.0,0.0,1.0,0.0,1.0,0.0
8,2,1,5,5,10,0.7676366843033511,0.08353953939299626,0.010477860768636068,1.8666666666666667,0.3518657752744984,1.0,0.0,1.8666666666666667,0.3518657752744984
8,2,2,5,2,20,0.7450617283950618,0.032804943953149604,0.05215927759806315,1.8666666666666667,0.3518657752744984,1.0,0.0,1.8666666666666667,0.3518657752744984
32,4,2,10,5,20,0.8137566137566138,0.05456638371595109,0.059096908569335936,1.8,0.6761234037828133,1.0,0.0,1.8,0.6761234037828133
32,3,2,5,1,10,0.8064373897707232,0.05258228661874498,0.018753210703531902,1.9333333333333333,0.7988086367179803,1.0,0.0,1.9333333333333333,0.7988086367179803
8,2,1,2,1,20,0.7574074074074075,0.033052906241556566,0.024277782440185545,1.7333333333333334,0.4577377082170635,1.0,0.0,1.7333333333333334,0.4577377082170635
32,3,2,2,5,10,0.811199294532628,0.07105749378630735,0.12238939603169759,1.8,0.6761234037828133,1.9333333333333333,0.25819888974716115,3.3333333333333335,1.3451854182690983
16,4,2,2,5,15,0.7649029982363316,0.06825680022093551,0.04520848592122396,1.8666666666666667,0.7432233529572065,1.8,0.4140393356054126,2.8666666666666667,0.990430401872025
8,1,1,10,5,10,0.7873015873015873,0.09486231187703388,0.00406953493754069,1.0,0.0,1.0,0.0,1.0,0.0
8,1,1,5,10,15,0.7029982363315698,0.12381572825682799,0.01826896667480469,1.0,0.0,1.0,0.0,1.0,0.0
32,4,4,5,5,20,0.7963844797178131,0.06552525831681168,0.13579754829406737,2.466666666666667,0.9154754164341269,1.5333333333333334,0.5163977794943222,3.2,1.2649110640673518
8,2,2,5,5,10,0.7771604938271606,0.04802898074563179,0.02115147908528646,1.8666666666666667,0.3518657752744984,1.0666666666666667,0.25819888974716115,1.9333333333333333,0.4577377082170634
8,2,2,1,5,20,0.7275132275132276,0.0995233032062258,0.064129638671875,1.8,0.41403933560541256,2.0,0.0,3.2,0.7745966692414833
16,4,1,5,10,5,0.7744268077601412,0.06373149195248896,0.005285946528116862,2.066666666666667,0.7988086367179801,1.0,0.0,2.066666666666667,0.7988086367179801
32,4,4,2,5,5,0.8134038800705469,0.04824602639599268,0.25137826601664226,2.0,0.9258200997725514,2.2,0.8618916073713346,3.8666666666666667,2.53170373652286
32,4,3,10,2,10,0.7748677248677249,0.053495438952737964,0.03406977653503418,2.2666666666666666,0.7037315505489967,1.0,0.0,2.2666666666666666,0.7037315505489967
8,3,1,10,1,15,0.769753086419753,0.039573630678579275,0.010857057571411134,2.2,0.7745966692414833,1.0,0.0,2.2,0.7745966692414833
8,3,1,2,5,10,0.7425925925925926,0.09489471565199491,0.01569344202677409,1.8666666666666667,0.7432233529572065,1.0,0.0,1.8666666666666667,0.7432233529572065
32,4,1,10,1,15,0.7746913580246915,0.05882827587691693,0.008848222096761067,2.2,0.7745966692414833,1.0,0.0,2.2,0.7745966692414833
8,2,3,1,5,5,0.7351851851851853,0.11778345336644387,0.013637447357177734,1.8,0.41403933560541256,1.6,0.7367883976130073,2.4,0.7367883976130073
32,2,1,10,1,5,0.8039682539682541,0.06576273222314827,0.0010565598805745444,1.8,0.41403933560541256,1.0,0.0,1.8,0.41403933560541256
8,3,1,1,2,15,0.7424162257495592,0.07583887774760119,0.028425296147664387,2.2666666666666666,0.7037315505489967,1.0,0.0,2.2666666666666666,0.7037315505489967
16,1,3,2,5,10,0.7132275132275133,0.0739629741286146,0.028850460052490236,1.0,0.0,2.2666666666666666,0.5936168397046637,2.2666666666666666,0.5936168397046637
16,2,3,2,2,10,0.7668430335097001,0.08528627792216474,0.02857236862182617,1.8666666666666667,0.35186577527449836,1.5333333333333334,0.5163977794943222,2.466666666666667,0.833809387832792
32,3,4,2,1,20,0.7992945326278659,0.05733235309063298,0.10852057139078776,2.066666666666667,0.7037315505489967,1.0666666666666667,0.25819888974716115,2.1333333333333333,0.8338093878327919
16,2,4,2,2,15,0.7793650793650794,0.0710693354416464,0.062436421712239586,1.5333333333333334,0.5163977794943222,1.2,0.41403933560541256,1.7333333333333334,0.5936168397046637
32,1,3,10,5,20,0.8064373897707232,0.07573201715947575,0.061506128311157225,1.0,0.0,1.1333333333333333,0.35186577527449836,1.1333333333333333,0.35186577527449836
32,4,3,10,10,15,0.8186948853615521,0.08330853430490609,0.06820494333902995,1.4666666666666666,0.833809387832792,1.4666666666666666,0.5163977794943222,2.066666666666667,1.5337473561121315
8,1,1,10,2,15,0.7821869488536154,0.09494852186825939,0.006619548797607422,1.0,0.0,1.0,0.0,1.0,0.0
8,1,1,5,5,10,0.7186067019400352,0.10595992589445455,0.007735649744669597,1.0,0.0,1.0,0.0,1.0,0.0
16,1,1,2,5,20,0.7451499118165786,0.08986600245792557,0.017728662490844725,1.0,0.0,1.0,0.0,1.0,0.0
16,2,1,2,10,15,0.755026455026455,0.0594927272504464,0.017207018534342446,1.5333333333333334,0.5163977794943222,1.0,0.0,1.5333333333333334,0.5163977794943222
32,2,4,5,2,15,0.7967372134038802,0.05952520924420156,0.09721037546793619,1.9333333333333333,0.25819888974716115,1.0,0.0,1.9333333333333333,0.25819888974716115
8,3,4,5,5,20,0.7649029982363316,0.054443176096688625,0.13490912119547527,2.6666666666666665,0.6172133998483678,1.6,0.5070925528371101,3.466666666666667,1.2459458063579458
8,3,3,1,5,10,0.7092592592592594,0.153383920259345,0.04491289456685384,2.066666666666667,0.7988086367179801,2.3333333333333335,0.8164965809277261,3.4,1.3522468075656267
32,3,3,2,10,15,0.7860670194003528,0.09590301120301595,0.23462753295898436,1.7333333333333334,0.7037315505489968,2.7333333333333334,0.45773770821706344,4.333333333333333,1.8387366263150307
16,1,4,5,2,20,0.8137566137566138,0.0578093566710172,0.07751186688741048,1.0,0.0,1.0,0.0,1.0,0.0
8,1,4,10,10,20,0.7205467372134038,0.13941202513653247,0.06662379900614421,1.0,0.0,1.6,0.5070925528371101,1.6,0.5070925528371101
16,2,1,5,2,5,0.7964726631393297,0.05724159908442031,0.0048171361287434895,1.9333333333333333,0.2581988897471611,1.0,0.0,1.9333333333333333,0.2581988897471611
8,2,2,10,1,10,0.7525573192239858,0.05608943941533421,0.01862789789835612,1.9333333333333333,0.25819888974716115,1.0,0.0,1.9333333333333333,0.25819888974716115
32,4,1,1,2,20,0.7917989417989418,0.08479444711493102,0.02781386375427246,2.1333333333333333,0.8338093878327919,1.0,0.0,2.1333333333333333,0.8338093878327919
8,2,2,10,2,10,0.7525573192239858,0.05608943941533421,0.019692023595174152,1.9333333333333333,0.25819888974716115,1.0,0.0,1.9333333333333333,0.25819888974716115
8,2,3,2,5,20,0.7595238095238096,0.10266605291008812,0.09470489819844564,1.8,0.41403933560541256,2.1333333333333333,0.7432233529572065,3.0,1.0690449676496976
16,2,1,2,5,15,0.755026455026455,0.0594927272504464,0.015354681015014648,1.5333333333333334,0.5163977794943222,1.0,0.0,1.5333333333333334,0.5163977794943222
8,4,3,2,2,10,0.7746031746031747,0.10768945983839394,0.039734236399332684,1.9333333333333333,0.5936168397046637,1.0666666666666667,0.25819888974716115,2.0,0.6546536707079771
32,1,2,2,2,10,0.8012345679012347,0.09616848741457883,0.020372279485066733,1.0,0.0,1.4,0.5070925528371101,1.4,0.5070925528371101
32,1,2,1,2,20,0.7770723104056437,0.07596961002214665,0.07755395571390787,1.0,0.0,2.0,0.0,2.0,0.0
8,4,1,2,1,20,0.7598765432098767,0.029996624889073373,0.032390260696411134,1.8666666666666667,0.6399404734221844,1.0,0.0,1.8666666666666667,0.6399404734221844
8,1,4,2,5,15,0.7484126984126984,0.11426327255095856,0.06620416641235352,1.0,0.0,2.466666666666667,0.7432233529572065,2.466666666666667,0.7432233529572065
32,3,4,1,1,5,0.8330687830687832,0.03757372199420912,0.025521357854207356,2.0,0.7559289460184544,1.4,0.50709255283711,2.533333333333333,1.3020130933435712
16,1,1,10,5,20,0.7966490299823632,0.08867997636830671,0.015213076273600261,1.0,0.0,1.0,0.0,1.0,0.0
8,4,3,5,1,15,0.7721340388007055,0.05221210739938351,0.07075362205505371,1.8,0.41403933560541256,1.0,0.0,1.8,0.41403933560541256
8,1,4,5,5,20,0.7205467372134038,0.13941202513653247,0.06246218681335449,1.0,0.0,1.6,0.5070925528371101,1.6,0.5070925528371101
8,1,1,10,1,20,0.7602292768959436,0.07434095553639793,0.009402656555175781,1.0,0.0,1.0,0.0,1.0,0.0
8,1,2,10,2,20,0.7254850088183422,0.12943170857265257,0.031873401006062826,1.0,0.0,1.0,0.0,1.0,0.0
8,4,1,1,1,10,0.7796296296296298,0.07044690908623343,0.011890236536661785,2.0,0.5345224838248488,1.0,0.0,2.0,0.5345224838248488
32,4,3,1,5,20,0.7940917107583775,0.08457879045700036,0.2387117862701416,2.2666666666666666,1.0997835284835875,2.7333333333333334,0.45773770821706344,5.066666666666666,2.313521331732421
32,4,2,5,2,20,0.7965608465608468,0.04983054465247285,0.06735151608784994,1.9333333333333333,0.7988086367179803,1.0,0.0,1.9333333333333333,0.7988086367179803
8,3,3,10,5,20,0.762345679012346,0.022317549796902588,0.1203894297281901,2.0,0.5345224838248488,1.0,0.0,2.0,0.5345224838248488
8,4,2,2,5,5,0.7187830687830687,0.08823823567245605,0.017623265584309895,2.466666666666667,0.9154754164341269,1.4666666666666666,0.5163977794943222,3.066666666666667,1.0997835284835873
32,2,4,1,1,10,0.830952380952381,0.06467235643941517,0.05631033579508463,1.8,0.41403933560541256,1.6,0.5070925528371101,2.6666666666666665,1.0465362369445672
32,1,2,5,2,10,0.8017636684303352,0.07733428938906328,0.018049017588297526,1.0,0.0,1.0,0.0,1.0,0.0
32,3,3,5,2,20,0.789241622574956,0.049055725979618374,0.11208702723185221,1.8,0.6761234037828133,1.0,0.0,1.8,0.6761234037828133
8,4,1,2,5,20,0.7500881834215168,0.10609194423964409,0.04301018714904785,1.6666666666666667,0.7237468644557459,1.0,0.0,1.6666666666666667,0.7237468644557459
32,3,2,1,1,5,0.8234567901234567,0.07406878737928052,0.010857534408569337,2.466666666666667,0.5163977794943223,1.2,0.41403933560541256,2.7333333333333334,0.7988086367179803
16,4,2,1,10,20,0.7501763668430336,0.08398446659489105,0.07134114901224772,1.7333333333333334,0.7988086367179803,1.9333333333333333,0.25819888974716115,3.1333333333333333,1.3020130933435712
32,1,3,10,5,5,0.8063492063492065,0.09773768004730318,0.008222039540608723,1.0,0.0,1.0,0.0,1.0,0.0
8,2,2,10,2,5,0.7820987654320988,0.06675723810378083,0.005593554178873698,2.0,0.0,1.0,0.0,2.0,0.0
16,2,3,1,5,5,0.791710758377425,0.05822009469018946,0.021208429336547853,1.6666666666666667,0.48795003647426666,1.8666666666666667,0.7432233529572065,2.8666666666666667,1.4074631010979937
16,1,3,5,10,5,0.7548500881834214,0.10198877950525444,0.009272019068400065,1.0,0.0,1.4666666666666666,0.5163977794943222,1.4666666666666666,0.5163977794943222
8,1,2,5,1,10,0.7057319223985892,0.1563717355156265,0.011054197947184244,1.0,0.0,1.0,0.0,1.0,0.0
32,1,1,1,10,20,0.7967372134038802,0.07760176882118164,0.02157794634501139,1.0,0.0,1.0,0.0,1.0,0.0
8,1,4,10,5,10,0.7792768959435626,0.07949231842934941,0.03185494740804037,1.0,0.0,1.0,0.0,1.0,0.0
8,4,4,5,1,5,0.7619929453262787,0.08284972070162484,0.025708770751953124,2.466666666666667,0.5163977794943223,1.0,0.0,2.466666666666667,0.5163977794943223
16,1,2,2,2,10,0.7671075837742506,0.07463289819913112,0.010922686258951823,1.0,0.0,1.3333333333333333,0.48795003647426666,1.3333333333333333,0.48795003647426666
8,1,4,1,2,5,0.6322751322751323,0.1456056805530905,0.011498324076334636,1.0,0.0,1.3333333333333333,0.48795003647426666,1.3333333333333333,0.48795003647426666
16,3,2,10,10,10,0.7668430335097001,0.08528627792216474,0.01923672358194987,2.1333333333333333,0.8338093878327919,1.4,0.5070925528371101,2.533333333333333,1.1254628677422756
8,4,1,1,5,10,0.7425925925925926,0.09489471565199491,0.01703303654988607,1.9333333333333333,0.8837151016885368,1.0,0.0,1.9333333333333333,0.8837151016885368
16,4,3,1,5,10,0.7574074074074074,0.04331682406083826,0.048553959528605146,2.1333333333333333,0.9154754164341269,2.2666666666666666,0.7988086367179803,3.933333333333333,2.051712409068047
8,4,4,2,10,10,0.7373897707231041,0.08095050775345407,0.07138328552246094,2.3333333333333335,0.816496580927726,2.3333333333333335,0.7237468644557459,3.933333333333333,1.667618775665584
8,2,1,1,10,10,0.7425925925925926,0.09693778095523546,0.013619295756022136,1.6666666666666667,0.48795003647426666,1.0,0.0,1.6666666666666667,0.48795003647426666
16,2,3,2,5,10,0.7278659611992946,0.06700576534463176,0.038159688313802086,1.6666666666666667,0.48795003647426666,2.3333333333333335,0.6172133998483676,3.2666666666666666,1.2227992865708155
8,4,4,2,2,15,0.7328924162257497,0.08382151138020535,0.09011352856953939,2.0,0.7559289460184544,1.0,0.0,2.0,0.7559289460184544
16,1,4,1,1,15,0.7596119929453262,0.09070457502529698,0.03926235834757487,1.0,0.0,1.2,0.41403933560541256,1.2,0.41403933560541256
16,2,3,10,2,20,0.769488536155203,0.04077136438096978,0.06917616526285807,1.8,0.41403933560541256,1.0,0.0,1.8,0.41403933560541256
16,4,3,5,1,5,0.7694885361552029,0.06533233673758065,0.015139929453531901,2.466666666666667,0.5163977794943223,1.0,0.0,2.466666666666667,0.5163977794943223
16,4,4,10,1,20,0.7840388007054673,0.052934769988830566,0.12015835444132487,2.0,0.6546536707079771,1.0,0.0,2.0,0.6546536707079771
8,1,1,5,1,15,0.7821869488536154,0.09494852186825939,0.0052962144215901695,1.0,0.0,1.0,0.0,1.0,0.0
8,3,3,2,2,5,0.7600529100529101,0.08482981276496403,0.014612404505411784,2.1333333333333333,0.35186577527449836,1.0,0.0,2.1333333333333333,0.35186577527449836
32,3,4,1,1,10,0.8334215167548501,0.06000574753301646,0.0661102294921875,2.2666666666666666,0.7988086367179803,1.6,0.5070925528371101,3.466666666666667,1.8464895909600494
32,2,2,10,10,10,0.8089947089947089,0.07618470205717433,0.024592161178588867,1.8,0.41403933560541256,1.5333333333333334,0.5163977794943222,2.466666666666667,0.833809387832792
16,4,1,10,2,10,0.7672839506172839,0.03767094206268274,0.005346934000651042,2.1333333333333333,0.6399404734221844,1.0,0.0,2.1333333333333333,0.6399404734221844
8,3,2,5,1,15,0.7549382716049383,0.022096942571109713,0.03624935150146484,2.066666666666667,0.5936168397046636,1.0,0.0,2.066666666666667,0.5936168397046636
32,1,4,2,5,15,0.7619929453262786,0.09987738119467843,0.4223623752593994,1.0,0.0,2.6,0.6324555320336759,2.6,0.6324555320336759
8,1,1,2,5,10,0.7031746031746032,0.14323788879537472,0.010144058863321941,1.0,0.0,1.0,0.0,1.0,0.0
8,4,2,10,2,15,0.7549382716049383,0.022096942571109713,0.03961874643961589,2.066666666666667,0.5936168397046636,1.0,0.0,2.066666666666667,0.5936168397046636
32,1,3,2,2,10,0.806172839506173,0.06970511610823753,0.03473413785298665,1.0,0.0,1.3333333333333333,0.48795003647426666,1.3333333333333333,0.48795003647426666
16,4,3,10,10,10,0.7865961199294532,0.056597830731851186,0.030911668141682943,2.4,0.9102589898327995,1.5333333333333334,0.5163977794943222,3.0,1.4142135623730951
32,1,4,5,1,15,0.7671957671957673,0.08048001191553233,0.047321414947509764,1.0,0.0,1.0,0.0,1.0,0.0
16,2,3,10,2,15,0.7548500881834216,0.036265264576681104,0.04453393618265788,1.8,0.41403933560541256,1.0,0.0,1.8,0.41403933560541256
16,4,4,5,5,10,0.774514991181658,0.07233244813949367,0.03993269602457682,2.3333333333333335,0.8997354108424372,1.4666666666666666,0.6399404734221844,3.066666666666667,1.6242214252050853
32,2,1,5,1,10,0.7989417989417991,0.06210495052186006,0.004695955912272135,1.6,0.5070925528371101,1.0,0.0,1.6,0.5070925528371101
16,2,1,10,5,20,0.8016754850088184,0.08272744421666646,0.018904081980387368,1.8,0.41403933560541256,1.0,0.0,1.8,0.41403933560541256
8,3,3,5,2,20,0.7598765432098767,0.022535997579062994,0.12753591537475586,1.9333333333333333,0.4577377082170634,1.0,0.0,1.9333333333333333,0.4577377082170634
16,4,2,5,10,15,0.7523809523809525,0.07565529683967473,0.05032502810160319,2.066666666666667,0.7988086367179803,1.8666666666666667,0.35186577527449836,3.066666666666667,1.2798809468443688
32,1,4,1,1,20,0.7624338624338626,0.08659122570105321,0.08180538813273112,1.0,0.0,1.4,0.5070925528371101,1.4,0.5070925528371101
8,3,3,5,10,20,0.7573192239858907,0.047794217439656665,0.10472041765848795,2.2666666666666666,0.5936168397046637,2.066666666666667,0.7988086367179801,3.533333333333333,1.4573295865416045
32,1,2,5,10,5,0.7866843033509702,0.08010561957523708,0.024750804901123045,1.0,0.0,1.5333333333333334,0.5163977794943222,1.5333333333333334,0.5163977794943222
8,3,3,5,10,10,0.7772486772486773,0.0651931819411918,0.03478161493937174,2.1333333333333333,0.7432233529572065,1.5333333333333334,0.5163977794943222,2.6666666666666665,1.0465362369445672
16,2,3,5,5,20,0.7841269841269842,0.054309257911031764,0.0599451224009196,1.8666666666666667,0.35186577527449836,1.4666666666666666,0.6399404734221844,2.4,0.9102589898327995
32,1,1,10,5,10,0.8015873015873017,0.0944858275961855,0.0054836273193359375,1.0,0.0,1.0,0.0,1.0,0.0
32,2,4,10,10,5,0.8330687830687832,0.04009672983454182,0.023195854822794595,1.7333333333333334,0.4577377082170635,1.4,0.50709255283711,2.2,0.9411239481143204
16,1,3,2,10,15,0.7327160493827162,0.09622565096686388,0.034853680928548174,1.0,0.0,2.6,0.5070925528371101,2.6,0.5070925528371101
16,1,4,10,1,10,0.7742504409171076,0.08473822466940928,0.030113792419433592,1.0,0.0,1.0,0.0,1.0,0.0
8,1,1,5,1,10,0.7873015873015873,0.09486231187703388,0.002742099761962891,1.0,0.0,1.0,0.0,1.0,0.0
32,1,1,5,1,5,0.7891534391534394,0.08731132129246895,0.001871347427368164,1.0,0.0,1.0,0.0,1.0,0.0
8,4,3,2,10,20,0.7577601410934744,0.09663312646279346,0.1274517854054769,2.2666666666666666,0.961150104723255,2.066666666666667,0.7037315505489967,3.3333333333333335,1.3451854182690985
32,3,4,10,2,5,0.7893298059964727,0.05943654194679541,0.0247588316599528,2.2666666666666666,0.7988086367179803,1.0,0.0,2.2666666666666666,0.7988086367179803
16,2,2,2,1,5,0.7991181657848324,0.06870465227892977,0.007309754689534505,1.9333333333333333,0.25819888974716115,1.0,0.0,1.9333333333333333,0.25819888974716115
16,2,4,2,1,15,0.7917989417989418,0.07385069168371758,0.0757325808207194,1.7333333333333334,0.4577377082170635,1.0666666666666667,0.25819888974716115,1.8,0.5606119105813882
32,1,2,5,2,15,0.7992945326278659,0.0635873927413424,0.030601676305135092,1.0,0.0,1.0,0.0,1.0,0.0
16,3,1,5,1,10,0.7672839506172839,0.03767094206268274,0.005068143208821614,2.1333333333333333,0.6399404734221844,1.0,0.0,2.1333333333333333,0.6399404734221844
8,2,3,1,2,5,0.6951499118165784,0.14278964793204735,0.012633593877156575,1.9333333333333333,0.25819888974716115,1.3333333333333333,0.48795003647426666,2.2666666666666666,0.5936168397046636
32,2,4,5,2,10,0.7965608465608466,0.06048852894490674,0.05523611704508464,1.6,0.5070925528371101,1.0,0.0,1.6,0.5070925528371101
8,2,1,2,1,15,0.7771604938271605,0.04609302819325324,0.01233514149983724,1.8,0.41403933560541256,1.0,0.0,1.8,0.41403933560541256
16,3,3,5,10,10,0.7671075837742504,0.062029374571443474,0.03677209218343099,2.0,0.8451542547285166,2.1333333333333333,0.7432233529572065,3.3333333333333335,1.2909944487358056
8,2,2,2,1,15,0.7327160493827162,0.09363609526042599,0.03426661491394043,1.8666666666666667,0.3518657752744984,1.0,0.0,1.8666666666666667,0.3518657752744984
8,3,3,5,1,5,0.7598765432098766,0.038570545517455986,0.015137720108032226,2.466666666666667,0.6399404734221845,1.0,0.0,2.466666666666667,0.6399404734221845
32,1,3,2,1,5,0.8063492063492065,0.09773768004730318,0.009097146987915038,1.0,0.0,1.0,0.0,1.0,0.0
32,3,2,2,10,15,0.7888888888888889,0.0774230138089661,0.13035117785135905,1.6666666666666667,0.48795003647426666,2.0,0.0,3.0,0.8451542547285166
32,2,4,2,1,15,0.7962962962962964,0.06440861811608387,0.08478541374206543,1.8,0.4140393356054126,1.0666666666666667,0.25819888974716115,1.8666666666666667,0.5163977794943223
16,2,3,2,2,15,0.7746913580246915,0.0644874781900806,0.04165180524190267,1.8666666666666667,0.3518657752744984,1.7333333333333334,0.5936168397046636,2.8,1.0141851056742202
32,3,2,5,1,15,0.7916225749559084,0.04757931350854869,0.03367484410603841,2.2,0.7745966692414833,1.0,0.0,2.2,0.7745966692414833
